d3d90078-50a1-11eb-81ed-309c231728fb,healthy,images/predicted/d3d90078-50a1-11eb-81ed-309c231728fb.jpg
d7c7d20c-50a1-11eb-9f9a-309c231728fb,healthy,images/predicted/d7c7d20c-50a1-11eb-9f9a-309c231728fb.jpg
dac11b2e-50a1-11eb-83c2-309c231728fb,healthy,images/predicted/dac11b2e-50a1-11eb-83c2-309c231728fb.jpg
e174819e-50a1-11eb-b851-309c231728fb,healthy,images/predicted/e174819e-50a1-11eb-b851-309c231728fb.jpg
e8232986-50a1-11eb-8dde-309c231728fb,healthy,images/predicted/e8232986-50a1-11eb-8dde-309c231728fb.jpg
eedfafa8-50a1-11eb-a8e4-309c231728fb,healthy,images/predicted/eedfafa8-50a1-11eb-a8e4-309c231728fb.jpg
f5f63386-50a1-11eb-8736-309c231728fb,healthy,images/predicted/f5f63386-50a1-11eb-8736-309c231728fb.jpg
31172976-50a2-11eb-b703-309c231728fb,healthy,images/predicted/31172976-50a2-11eb-b703-309c231728fb.jpg
37ee335a-50a2-11eb-96ed-309c231728fb,healthy,images/predicted/37ee335a-50a2-11eb-96ed-309c231728fb.jpg
3e9ce526-50a2-11eb-84ee-309c231728fb,healthy,images/predicted/3e9ce526-50a2-11eb-84ee-309c231728fb.jpg
459a8b5e-50a2-11eb-bcd4-309c231728fb,healthy,images/predicted/459a8b5e-50a2-11eb-bcd4-309c231728fb.jpg
4c834d98-50a2-11eb-81f6-309c231728fb,healthy,images/predicted/4c834d98-50a2-11eb-81f6-309c231728fb.jpg
53710b14-50a2-11eb-9ba9-309c231728fb,healthy,images/predicted/53710b14-50a2-11eb-9ba9-309c231728fb.jpg
5a7b492c-50a2-11eb-8319-309c231728fb,healthy,images/predicted/5a7b492c-50a2-11eb-8319-309c231728fb.jpg
61671980-50a2-11eb-ac6d-309c231728fb,healthy,images/predicted/61671980-50a2-11eb-ac6d-309c231728fb.jpg
685dd78a-50a2-11eb-b01f-309c231728fb,healthy,images/predicted/685dd78a-50a2-11eb-b01f-309c231728fb.jpg
6f341b86-50a2-11eb-9a44-309c231728fb,healthy,images/predicted/6f341b86-50a2-11eb-9a44-309c231728fb.jpg
75ec2aa8-50a2-11eb-85d2-309c231728fb,healthy,images/predicted/75ec2aa8-50a2-11eb-85d2-309c231728fb.jpg
7cd7e312-50a2-11eb-9cff-309c231728fb,healthy,images/predicted/7cd7e312-50a2-11eb-9cff-309c231728fb.jpg
83e4641e-50a2-11eb-a668-309c231728fb,healthy,images/predicted/83e4641e-50a2-11eb-a668-309c231728fb.jpg
8ad3310a-50a2-11eb-b52f-309c231728fb,healthy,images/predicted/8ad3310a-50a2-11eb-b52f-309c231728fb.jpg
91b44524-50a2-11eb-88a6-309c231728fb,healthy,images/predicted/91b44524-50a2-11eb-88a6-309c231728fb.jpg
989d0724-50a2-11eb-9fe1-309c231728fb,healthy,images/predicted/989d0724-50a2-11eb-9fe1-309c231728fb.jpg
bbb39d10-50a2-11eb-8d04-309c231728fb,healthy,images/predicted/bbb39d10-50a2-11eb-8d04-309c231728fb.jpg
bf4f0bd8-50a2-11eb-a997-309c231728fb,healthy,images/predicted/bf4f0bd8-50a2-11eb-a997-309c231728fb.jpg
c28b4e4a-50a2-11eb-811a-309c231728fb,healthy,images/predicted/c28b4e4a-50a2-11eb-811a-309c231728fb.jpg
c64a07a2-50a2-11eb-bc3e-309c231728fb,healthy,images/predicted/c64a07a2-50a2-11eb-bc3e-309c231728fb.jpg
c97345dc-50a2-11eb-9090-309c231728fb,healthy,images/predicted/c97345dc-50a2-11eb-9090-309c231728fb.jpg
cd5b2fac-50a2-11eb-b815-309c231728fb,healthy,images/predicted/cd5b2fac-50a2-11eb-b815-309c231728fb.jpg
d0a9497a-50a2-11eb-8451-309c231728fb,healthy,images/predicted/d0a9497a-50a2-11eb-8451-309c231728fb.jpg
d44d2518-50a2-11eb-9fd6-309c231728fb,healthy,images/predicted/d44d2518-50a2-11eb-9fd6-309c231728fb.jpg
d7ae325a-50a2-11eb-bf6c-309c231728fb,healthy,images/predicted/d7ae325a-50a2-11eb-bf6c-309c231728fb.jpg
db234448-50a2-11eb-8c01-309c231728fb,healthy,images/predicted/db234448-50a2-11eb-8c01-309c231728fb.jpg
de845de2-50a2-11eb-a3be-309c231728fb,healthy,images/predicted/de845de2-50a2-11eb-a3be-309c231728fb.jpg
e224f140-50a2-11eb-a981-309c231728fb,healthy,images/predicted/e224f140-50a2-11eb-a981-309c231728fb.jpg
e58a9ab4-50a2-11eb-b77f-309c231728fb,healthy,images/predicted/e58a9ab4-50a2-11eb-b77f-309c231728fb.jpg
e93ab3d2-50a2-11eb-ab85-309c231728fb,healthy,images/predicted/e93ab3d2-50a2-11eb-ab85-309c231728fb.jpg
ec95bf26-50a2-11eb-94e4-309c231728fb,healthy,images/predicted/ec95bf26-50a2-11eb-94e4-309c231728fb.jpg
f02f76a4-50a2-11eb-beb1-309c231728fb,healthy,images/predicted/f02f76a4-50a2-11eb-beb1-309c231728fb.jpg
f39a7aac-50a2-11eb-a300-309c231728fb,healthy,images/predicted/f39a7aac-50a2-11eb-a300-309c231728fb.jpg
f747851c-50a2-11eb-9150-309c231728fb,healthy,images/predicted/f747851c-50a2-11eb-9150-309c231728fb.jpg
fa8ddc52-50a2-11eb-8dda-309c231728fb,healthy,images/predicted/fa8ddc52-50a2-11eb-8dda-309c231728fb.jpg
fe2196da-50a2-11eb-8d45-309c231728fb,healthy,images/predicted/fe2196da-50a2-11eb-8d45-309c231728fb.jpg
019c7a90-50a3-11eb-ad26-309c231728fb,healthy,images/predicted/019c7a90-50a3-11eb-ad26-309c231728fb.jpg
0524234a-50a3-11eb-b0d8-309c231728fb,healthy,images/predicted/0524234a-50a3-11eb-b0d8-309c231728fb.jpg
08a692b4-50a3-11eb-a402-309c231728fb,healthy,images/predicted/08a692b4-50a3-11eb-a402-309c231728fb.jpg
0c21c51e-50a3-11eb-aee6-309c231728fb,healthy,images/predicted/0c21c51e-50a3-11eb-aee6-309c231728fb.jpg
0fbb708c-50a3-11eb-a873-309c231728fb,healthy,images/predicted/0fbb708c-50a3-11eb-a873-309c231728fb.jpg
1317951c-50a3-11eb-9877-309c231728fb,healthy,images/predicted/1317951c-50a3-11eb-9877-309c231728fb.jpg
16ed4192-50a3-11eb-b2d9-309c231728fb,healthy,images/predicted/16ed4192-50a3-11eb-b2d9-309c231728fb.jpg
1a1a4912-50a3-11eb-aa75-309c231728fb,healthy,images/predicted/1a1a4912-50a3-11eb-aa75-309c231728fb.jpg
1e0384c6-50a3-11eb-a13d-309c231728fb,healthy,images/predicted/1e0384c6-50a3-11eb-a13d-309c231728fb.jpg
21420fe2-50a3-11eb-bade-309c231728fb,healthy,images/predicted/21420fe2-50a3-11eb-bade-309c231728fb.jpg
24d24d30-50a3-11eb-822f-309c231728fb,healthy,images/predicted/24d24d30-50a3-11eb-822f-309c231728fb.jpg
285f92f6-50a3-11eb-b82e-309c231728fb,healthy,images/predicted/285f92f6-50a3-11eb-b82e-309c231728fb.jpg
2beb9f1e-50a3-11eb-aeb1-309c231728fb,healthy,images/predicted/2beb9f1e-50a3-11eb-aeb1-309c231728fb.jpg
2f827528-50a3-11eb-8570-309c231728fb,healthy,images/predicted/2f827528-50a3-11eb-8570-309c231728fb.jpg
3329018c-50a3-11eb-8f72-309c231728fb,healthy,images/predicted/3329018c-50a3-11eb-8f72-309c231728fb.jpg
3673ef54-50a3-11eb-b45b-309c231728fb,healthy,images/predicted/3673ef54-50a3-11eb-b45b-309c231728fb.jpg
3a5ba8e6-50a3-11eb-8edc-309c231728fb,healthy,images/predicted/3a5ba8e6-50a3-11eb-8edc-309c231728fb.jpg
3d5c8cc8-50a3-11eb-b3d1-309c231728fb,healthy,images/predicted/3d5c8cc8-50a3-11eb-b3d1-309c231728fb.jpg
41512a50-50a3-11eb-9217-309c231728fb,healthy,images/predicted/41512a50-50a3-11eb-9217-309c231728fb.jpg
448a25cc-50a3-11eb-9813-309c231728fb,healthy,images/predicted/448a25cc-50a3-11eb-9813-309c231728fb.jpg
485e6542-50a3-11eb-bddf-309c231728fb,healthy,images/predicted/485e6542-50a3-11eb-bddf-309c231728fb.jpg
4b857d36-50a3-11eb-a05b-309c231728fb,healthy,images/predicted/4b857d36-50a3-11eb-a05b-309c231728fb.jpg
4fcec8d4-50a3-11eb-bc6c-309c231728fb,healthy,images/predicted/4fcec8d4-50a3-11eb-bc6c-309c231728fb.jpg
528e952e-50a3-11eb-a840-309c231728fb,healthy,images/predicted/528e952e-50a3-11eb-a840-309c231728fb.jpg
56e487e8-50a3-11eb-a374-309c231728fb,healthy,images/predicted/56e487e8-50a3-11eb-a374-309c231728fb.jpg
59984f9a-50a3-11eb-93b4-309c231728fb,healthy,images/predicted/59984f9a-50a3-11eb-93b4-309c231728fb.jpg
5e097828-50a3-11eb-ad8e-309c231728fb,healthy,images/predicted/5e097828-50a3-11eb-ad8e-309c231728fb.jpg
60bc9d94-50a3-11eb-bf3d-309c231728fb,healthy,images/predicted/60bc9d94-50a3-11eb-bf3d-309c231728fb.jpg
652ba546-50a3-11eb-b918-309c231728fb,healthy,images/predicted/652ba546-50a3-11eb-b918-309c231728fb.jpg
67b61f28-50a3-11eb-80ce-309c231728fb,healthy,images/predicted/67b61f28-50a3-11eb-80ce-309c231728fb.jpg
6c38cae2-50a3-11eb-b5fc-309c231728fb,healthy,images/predicted/6c38cae2-50a3-11eb-b5fc-309c231728fb.jpg
6ee028de-50a3-11eb-b69d-309c231728fb,healthy,images/predicted/6ee028de-50a3-11eb-b69d-309c231728fb.jpg
737ea098-50a3-11eb-abed-309c231728fb,healthy,images/predicted/737ea098-50a3-11eb-abed-309c231728fb.jpg
7629c812-50a3-11eb-b075-309c231728fb,healthy,images/predicted/7629c812-50a3-11eb-b075-309c231728fb.jpg
7ad59eb8-50a3-11eb-a840-309c231728fb,healthy,images/predicted/7ad59eb8-50a3-11eb-a840-309c231728fb.jpg
7d4c9fae-50a3-11eb-a5c6-309c231728fb,healthy,images/predicted/7d4c9fae-50a3-11eb-a5c6-309c231728fb.jpg
8211de5a-50a3-11eb-a511-309c231728fb,healthy,images/predicted/8211de5a-50a3-11eb-a511-309c231728fb.jpg
847a8410-50a3-11eb-be75-309c231728fb,healthy,images/predicted/847a8410-50a3-11eb-be75-309c231728fb.jpg
8920154c-50a3-11eb-b0b1-309c231728fb,healthy,images/predicted/8920154c-50a3-11eb-b0b1-309c231728fb.jpg
8bd64d82-50a3-11eb-90e4-309c231728fb,healthy,images/predicted/8bd64d82-50a3-11eb-90e4-309c231728fb.jpg
90267192-50a3-11eb-9b97-309c231728fb,healthy,images/predicted/90267192-50a3-11eb-9b97-309c231728fb.jpg
9312c9ac-50a3-11eb-95a7-309c231728fb,healthy,images/predicted/9312c9ac-50a3-11eb-95a7-309c231728fb.jpg
977283b0-50a3-11eb-b76c-309c231728fb,healthy,images/predicted/977283b0-50a3-11eb-b76c-309c231728fb.jpg
9a4fb718-50a3-11eb-91d5-309c231728fb,healthy,images/predicted/9a4fb718-50a3-11eb-91d5-309c231728fb.jpg
a159c4d0-50a3-11eb-a1cd-309c231728fb,healthy,images/predicted/a159c4d0-50a3-11eb-a1cd-309c231728fb.jpg
a879fbba-50a3-11eb-a084-309c231728fb,healthy,images/predicted/a879fbba-50a3-11eb-a084-309c231728fb.jpg
afbb3592-50a3-11eb-b652-309c231728fb,healthy,images/predicted/afbb3592-50a3-11eb-b652-309c231728fb.jpg
f468b9ca-50a3-11eb-8f0f-309c231728fb,healthy,images/predicted/f468b9ca-50a3-11eb-8f0f-309c231728fb.jpg
fb3a5c8c-50a3-11eb-9491-309c231728fb,healthy,images/predicted/fb3a5c8c-50a3-11eb-9491-309c231728fb.jpg
01e9ac8c-50a4-11eb-8f52-309c231728fb,healthy,images/predicted/01e9ac8c-50a4-11eb-8f52-309c231728fb.jpg
08b4431c-50a4-11eb-9a89-309c231728fb,healthy,images/predicted/08b4431c-50a4-11eb-9a89-309c231728fb.jpg
0fa5e9c6-50a4-11eb-9fea-309c231728fb,healthy,images/predicted/0fa5e9c6-50a4-11eb-9fea-309c231728fb.jpg
1677770c-50a4-11eb-b9e0-309c231728fb,healthy,images/predicted/1677770c-50a4-11eb-b9e0-309c231728fb.jpg
1d5ae9a8-50a4-11eb-860f-309c231728fb,healthy,images/predicted/1d5ae9a8-50a4-11eb-860f-309c231728fb.jpg
242b8ed2-50a4-11eb-9e87-309c231728fb,healthy,images/predicted/242b8ed2-50a4-11eb-9e87-309c231728fb.jpg
2b4093ac-50a4-11eb-891a-309c231728fb,healthy,images/predicted/2b4093ac-50a4-11eb-891a-309c231728fb.jpg
32010ce2-50a4-11eb-bb17-309c231728fb,healthy,images/predicted/32010ce2-50a4-11eb-bb17-309c231728fb.jpg
38dfa652-50a4-11eb-ac8f-309c231728fb,healthy,images/predicted/38dfa652-50a4-11eb-ac8f-309c231728fb.jpg
3fc5071c-50a4-11eb-8858-309c231728fb,healthy,images/predicted/3fc5071c-50a4-11eb-8858-309c231728fb.jpg
46c8390a-50a4-11eb-a620-309c231728fb,healthy,images/predicted/46c8390a-50a4-11eb-a620-309c231728fb.jpg
4d8de892-50a4-11eb-a9ef-309c231728fb,healthy,images/predicted/4d8de892-50a4-11eb-a9ef-309c231728fb.jpg
544a6ae8-50a4-11eb-b1ea-309c231728fb,healthy,images/predicted/544a6ae8-50a4-11eb-b1ea-309c231728fb.jpg
5b1acbf8-50a4-11eb-a3b5-309c231728fb,healthy,images/predicted/5b1acbf8-50a4-11eb-a3b5-309c231728fb.jpg
61f65b9c-50a4-11eb-bc91-309c231728fb,healthy,images/predicted/61f65b9c-50a4-11eb-bc91-309c231728fb.jpg
68e3b1a4-50a4-11eb-874a-309c231728fb,healthy,images/predicted/68e3b1a4-50a4-11eb-874a-309c231728fb.jpg
6fd04bc0-50a4-11eb-8b42-309c231728fb,healthy,images/predicted/6fd04bc0-50a4-11eb-8b42-309c231728fb.jpg
76a1a306-50a4-11eb-b0f0-309c231728fb,healthy,images/predicted/76a1a306-50a4-11eb-b0f0-309c231728fb.jpg
7d8550ec-50a4-11eb-8de5-309c231728fb,healthy,images/predicted/7d8550ec-50a4-11eb-8de5-309c231728fb.jpg
84460868-50a4-11eb-8444-309c231728fb,healthy,images/predicted/84460868-50a4-11eb-8444-309c231728fb.jpg
8b147908-50a4-11eb-afec-309c231728fb,healthy,images/predicted/8b147908-50a4-11eb-afec-309c231728fb.jpg
922a642c-50a4-11eb-8dfc-309c231728fb,healthy,images/predicted/922a642c-50a4-11eb-8dfc-309c231728fb.jpg
992c8efe-50a4-11eb-b3b4-309c231728fb,healthy,images/predicted/992c8efe-50a4-11eb-b3b4-309c231728fb.jpg
9ff98d86-50a4-11eb-bc0a-309c231728fb,healthy,images/predicted/9ff98d86-50a4-11eb-bc0a-309c231728fb.jpg
a7068280-50a4-11eb-b140-309c231728fb,healthy,images/predicted/a7068280-50a4-11eb-b140-309c231728fb.jpg
ade85724-50a4-11eb-bfeb-309c231728fb,healthy,images/predicted/ade85724-50a4-11eb-bfeb-309c231728fb.jpg
b4b8bfae-50a4-11eb-a8cb-309c231728fb,healthy,images/predicted/b4b8bfae-50a4-11eb-a8cb-309c231728fb.jpg
d0b31174-50a4-11eb-b9a7-309c231728fb,healthy,images/predicted/d0b31174-50a4-11eb-b9a7-309c231728fb.jpg
d77d5948-50a4-11eb-a18c-309c231728fb,healthy,images/predicted/d77d5948-50a4-11eb-a18c-309c231728fb.jpg
de346d1c-50a4-11eb-bcaf-309c231728fb,healthy,images/predicted/de346d1c-50a4-11eb-bcaf-309c231728fb.jpg
e51f26be-50a4-11eb-892a-309c231728fb,healthy,images/predicted/e51f26be-50a4-11eb-892a-309c231728fb.jpg
ebfb958c-50a4-11eb-bf46-309c231728fb,healthy,images/predicted/ebfb958c-50a4-11eb-bf46-309c231728fb.jpg
f2d1f48c-50a4-11eb-8eba-309c231728fb,healthy,images/predicted/f2d1f48c-50a4-11eb-8eba-309c231728fb.jpg
f9b5df28-50a4-11eb-b68e-309c231728fb,healthy,images/predicted/f9b5df28-50a4-11eb-b68e-309c231728fb.jpg
008aecae-50a5-11eb-8576-309c231728fb,healthy,images/predicted/008aecae-50a5-11eb-8576-309c231728fb.jpg
076a7da4-50a5-11eb-9b80-309c231728fb,healthy,images/predicted/076a7da4-50a5-11eb-9b80-309c231728fb.jpg
0e49de52-50a5-11eb-9426-309c231728fb,healthy,images/predicted/0e49de52-50a5-11eb-9426-309c231728fb.jpg
1550de00-50a5-11eb-aef1-309c231728fb,healthy,images/predicted/1550de00-50a5-11eb-aef1-309c231728fb.jpg
1c104d00-50a5-11eb-912a-309c231728fb,healthy,images/predicted/1c104d00-50a5-11eb-912a-309c231728fb.jpg
2317bc9c-50a5-11eb-917c-309c231728fb,healthy,images/predicted/2317bc9c-50a5-11eb-917c-309c231728fb.jpg
2a0ebf3a-50a5-11eb-ac2b-309c231728fb,healthy,images/predicted/2a0ebf3a-50a5-11eb-ac2b-309c231728fb.jpg
30dfaa38-50a5-11eb-8de2-309c231728fb,healthy,images/predicted/30dfaa38-50a5-11eb-8de2-309c231728fb.jpg
37c631e4-50a5-11eb-98a6-309c231728fb,healthy,images/predicted/37c631e4-50a5-11eb-98a6-309c231728fb.jpg
3ebe2b52-50a5-11eb-bf50-309c231728fb,healthy,images/predicted/3ebe2b52-50a5-11eb-bf50-309c231728fb.jpg
45c034f6-50a5-11eb-b4aa-309c231728fb,healthy,images/predicted/45c034f6-50a5-11eb-b4aa-309c231728fb.jpg
4cb47668-50a5-11eb-a300-309c231728fb,healthy,images/predicted/4cb47668-50a5-11eb-a300-309c231728fb.jpg
7518fdfe-50a5-11eb-ae75-309c231728fb,healthy,images/predicted/7518fdfe-50a5-11eb-ae75-309c231728fb.jpg
7c01bce6-50a5-11eb-bcd2-309c231728fb,healthy,images/predicted/7c01bce6-50a5-11eb-bcd2-309c231728fb.jpg
82d16582-50a5-11eb-83cd-309c231728fb,healthy,images/predicted/82d16582-50a5-11eb-83cd-309c231728fb.jpg
89a8fe62-50a5-11eb-a3ad-309c231728fb,healthy,images/predicted/89a8fe62-50a5-11eb-a3ad-309c231728fb.jpg
90990524-50a5-11eb-a798-309c231728fb,healthy,images/predicted/90990524-50a5-11eb-a798-309c231728fb.jpg
97a065a6-50a5-11eb-8ac0-309c231728fb,healthy,images/predicted/97a065a6-50a5-11eb-8ac0-309c231728fb.jpg
a51ae25c-50a5-11eb-babb-309c231728fb,healthy,images/predicted/a51ae25c-50a5-11eb-babb-309c231728fb.jpg
abe2831c-50a5-11eb-80c6-309c231728fb,healthy,images/predicted/abe2831c-50a5-11eb-80c6-309c231728fb.jpg
b2d2eb1c-50a5-11eb-a936-309c231728fb,healthy,images/predicted/b2d2eb1c-50a5-11eb-a936-309c231728fb.jpg
b9d9dc34-50a5-11eb-b7d9-309c231728fb,healthy,images/predicted/b9d9dc34-50a5-11eb-b7d9-309c231728fb.jpg
c0e4f05e-50a5-11eb-801b-309c231728fb,healthy,images/predicted/c0e4f05e-50a5-11eb-801b-309c231728fb.jpg
c7d09bfa-50a5-11eb-8fb9-309c231728fb,healthy,images/predicted/c7d09bfa-50a5-11eb-8fb9-309c231728fb.jpg
cea72e46-50a5-11eb-9e96-309c231728fb,healthy,images/predicted/cea72e46-50a5-11eb-9e96-309c231728fb.jpg
fa43a8de-50a5-11eb-b56c-309c231728fb,healthy,images/predicted/fa43a8de-50a5-11eb-b56c-309c231728fb.jpg
012373c2-50a6-11eb-af94-309c231728fb,healthy,images/predicted/012373c2-50a6-11eb-af94-309c231728fb.jpg
07d3bbac-50a6-11eb-8efd-309c231728fb,healthy,images/predicted/07d3bbac-50a6-11eb-8efd-309c231728fb.jpg
0e975f88-50a6-11eb-a07f-309c231728fb,healthy,images/predicted/0e975f88-50a6-11eb-a07f-309c231728fb.jpg
15789330-50a6-11eb-91af-309c231728fb,healthy,images/predicted/15789330-50a6-11eb-91af-309c231728fb.jpg
1c4b3274-50a6-11eb-8981-309c231728fb,healthy,images/predicted/1c4b3274-50a6-11eb-8981-309c231728fb.jpg
2314a36e-50a6-11eb-b0f5-309c231728fb,healthy,images/predicted/2314a36e-50a6-11eb-b0f5-309c231728fb.jpg
29d7a44c-50a6-11eb-8794-309c231728fb,healthy,images/predicted/29d7a44c-50a6-11eb-8794-309c231728fb.jpg
30cee2f8-50a6-11eb-a251-309c231728fb,healthy,images/predicted/30cee2f8-50a6-11eb-a251-309c231728fb.jpg
378b19c2-50a6-11eb-98f2-309c231728fb,healthy,images/predicted/378b19c2-50a6-11eb-98f2-309c231728fb.jpg
3e734e48-50a6-11eb-815a-309c231728fb,healthy,images/predicted/3e734e48-50a6-11eb-815a-309c231728fb.jpg
4554197a-50a6-11eb-812e-309c231728fb,healthy,images/predicted/4554197a-50a6-11eb-812e-309c231728fb.jpg
4c47b386-50a6-11eb-9824-309c231728fb,healthy,images/predicted/4c47b386-50a6-11eb-9824-309c231728fb.jpg
53474cf4-50a6-11eb-aec6-309c231728fb,healthy,images/predicted/53474cf4-50a6-11eb-aec6-309c231728fb.jpg
5a392b54-50a6-11eb-bbac-309c231728fb,healthy,images/predicted/5a392b54-50a6-11eb-bbac-309c231728fb.jpg
8627beec-50a6-11eb-aaf6-309c231728fb,healthy,images/predicted/8627beec-50a6-11eb-aaf6-309c231728fb.jpg
8ce51962-50a6-11eb-9a68-309c231728fb,healthy,images/predicted/8ce51962-50a6-11eb-9a68-309c231728fb.jpg
93c0fe22-50a6-11eb-8d37-309c231728fb,healthy,images/predicted/93c0fe22-50a6-11eb-8d37-309c231728fb.jpg
9a9b52d2-50a6-11eb-a0f8-309c231728fb,healthy,images/predicted/9a9b52d2-50a6-11eb-a0f8-309c231728fb.jpg
a1a01fd8-50a6-11eb-a582-309c231728fb,healthy,images/predicted/a1a01fd8-50a6-11eb-a582-309c231728fb.jpg
b11c28c6-50a6-11eb-93c8-309c231728fb,healthy,images/predicted/b11c28c6-50a6-11eb-93c8-309c231728fb.jpg
b810b742-50a6-11eb-b7b4-309c231728fb,healthy,images/predicted/b810b742-50a6-11eb-b7b4-309c231728fb.jpg
beec3c12-50a6-11eb-9092-309c231728fb,healthy,images/predicted/beec3c12-50a6-11eb-9092-309c231728fb.jpg
c5ef5dfe-50a6-11eb-9436-309c231728fb,healthy,images/predicted/c5ef5dfe-50a6-11eb-9436-309c231728fb.jpg
ccfa1528-50a6-11eb-82a1-309c231728fb,healthy,images/predicted/ccfa1528-50a6-11eb-82a1-309c231728fb.jpg
d3c63514-50a6-11eb-a695-309c231728fb,healthy,images/predicted/d3c63514-50a6-11eb-a695-309c231728fb.jpg
daa6dc82-50a6-11eb-988b-309c231728fb,healthy,images/predicted/daa6dc82-50a6-11eb-988b-309c231728fb.jpg
e19762f8-50a6-11eb-8a40-309c231728fb,healthy,images/predicted/e19762f8-50a6-11eb-8a40-309c231728fb.jpg
e870d412-50a6-11eb-a629-309c231728fb,healthy,images/predicted/e870d412-50a6-11eb-a629-309c231728fb.jpg
0b9fe3fa-50a7-11eb-90bd-309c231728fb,healthy,images/predicted/0b9fe3fa-50a7-11eb-90bd-309c231728fb.jpg
12885c46-50a7-11eb-be77-309c231728fb,healthy,images/predicted/12885c46-50a7-11eb-be77-309c231728fb.jpg
1982af66-50a7-11eb-a1e8-309c231728fb,healthy,images/predicted/1982af66-50a7-11eb-a1e8-309c231728fb.jpg
206ce2a4-50a7-11eb-9d45-309c231728fb,healthy,images/predicted/206ce2a4-50a7-11eb-9d45-309c231728fb.jpg
271fb864-50a7-11eb-a3f8-309c231728fb,healthy,images/predicted/271fb864-50a7-11eb-a3f8-309c231728fb.jpg
2e043e1c-50a7-11eb-b184-309c231728fb,healthy,images/predicted/2e043e1c-50a7-11eb-b184-309c231728fb.jpg
34f6b3f8-50a7-11eb-bc66-309c231728fb,healthy,images/predicted/34f6b3f8-50a7-11eb-bc66-309c231728fb.jpg
3bb9c052-50a7-11eb-b133-309c231728fb,healthy,images/predicted/3bb9c052-50a7-11eb-b133-309c231728fb.jpg
42825b3a-50a7-11eb-a73c-309c231728fb,healthy,images/predicted/42825b3a-50a7-11eb-a73c-309c231728fb.jpg
5e20fd62-50a7-11eb-874c-309c231728fb,healthy,images/predicted/5e20fd62-50a7-11eb-874c-309c231728fb.jpg
668412ee-50a7-11eb-be8c-309c231728fb,healthy,images/predicted/668412ee-50a7-11eb-be8c-309c231728fb.jpg
6d549452-50a7-11eb-8108-309c231728fb,healthy,images/predicted/6d549452-50a7-11eb-8108-309c231728fb.jpg
741b7d4a-50a7-11eb-8d23-309c231728fb,healthy,images/predicted/741b7d4a-50a7-11eb-8d23-309c231728fb.jpg
7ad0649e-50a7-11eb-9cfe-309c231728fb,healthy,images/predicted/7ad0649e-50a7-11eb-9cfe-309c231728fb.jpg
818f640a-50a7-11eb-a13c-309c231728fb,healthy,images/predicted/818f640a-50a7-11eb-a13c-309c231728fb.jpg
887e22b4-50a7-11eb-9dd4-309c231728fb,healthy,images/predicted/887e22b4-50a7-11eb-9dd4-309c231728fb.jpg
8f436e64-50a7-11eb-bf94-309c231728fb,healthy,images/predicted/8f436e64-50a7-11eb-bf94-309c231728fb.jpg
96019146-50a7-11eb-a3fe-309c231728fb,healthy,images/predicted/96019146-50a7-11eb-a3fe-309c231728fb.jpg
9cdda33e-50a7-11eb-b3fd-309c231728fb,healthy,images/predicted/9cdda33e-50a7-11eb-b3fd-309c231728fb.jpg
a3a179ee-50a7-11eb-be43-309c231728fb,healthy,images/predicted/a3a179ee-50a7-11eb-be43-309c231728fb.jpg
aa55ac9a-50a7-11eb-848c-309c231728fb,healthy,images/predicted/aa55ac9a-50a7-11eb-848c-309c231728fb.jpg
b129530a-50a7-11eb-afc5-309c231728fb,healthy,images/predicted/b129530a-50a7-11eb-afc5-309c231728fb.jpg
b7f2de2c-50a7-11eb-98c2-309c231728fb,healthy,images/predicted/b7f2de2c-50a7-11eb-98c2-309c231728fb.jpg
beaeeade-50a7-11eb-8ccf-309c231728fb,healthy,images/predicted/beaeeade-50a7-11eb-8ccf-309c231728fb.jpg
c56e294a-50a7-11eb-bba0-309c231728fb,healthy,images/predicted/c56e294a-50a7-11eb-bba0-309c231728fb.jpg
cc53c2f8-50a7-11eb-8f0d-309c231728fb,healthy,images/predicted/cc53c2f8-50a7-11eb-8f0d-309c231728fb.jpg
d3270b18-50a7-11eb-93a7-309c231728fb,healthy,images/predicted/d3270b18-50a7-11eb-93a7-309c231728fb.jpg
d9eabf66-50a7-11eb-80fb-309c231728fb,healthy,images/predicted/d9eabf66-50a7-11eb-80fb-309c231728fb.jpg
e0b1c68c-50a7-11eb-a876-309c231728fb,healthy,images/predicted/e0b1c68c-50a7-11eb-a876-309c231728fb.jpg
4df95238-50d8-11eb-bb3c-309c231728fb,healthy,images/predicted/4df95238-50d8-11eb-bb3c-309c231728fb.jpg
54c6028c-50d8-11eb-b322-309c231728fb,healthy,images/predicted/54c6028c-50d8-11eb-b322-309c231728fb.jpg
5b860fa8-50d8-11eb-a47f-309c231728fb,healthy,images/predicted/5b860fa8-50d8-11eb-a47f-309c231728fb.jpg
6251571a-50d8-11eb-9111-309c231728fb,healthy,images/predicted/6251571a-50d8-11eb-9111-309c231728fb.jpg
690cd0c2-50d8-11eb-8c37-309c231728fb,healthy,images/predicted/690cd0c2-50d8-11eb-8c37-309c231728fb.jpg
6fe068c2-50d8-11eb-85f0-309c231728fb,healthy,images/predicted/6fe068c2-50d8-11eb-85f0-309c231728fb.jpg
76aee69e-50d8-11eb-8971-309c231728fb,healthy,images/predicted/76aee69e-50d8-11eb-8971-309c231728fb.jpg
7d712828-50d8-11eb-b7b1-309c231728fb,healthy,images/predicted/7d712828-50d8-11eb-b7b1-309c231728fb.jpg
847e084c-50d8-11eb-a969-309c231728fb,healthy,images/predicted/847e084c-50d8-11eb-a969-309c231728fb.jpg
b8a0f7cc-519d-11eb-9896-309c231728fb,healthy,images/predicted/b8a0f7cc-519d-11eb-9896-309c231728fb.jpg
bfa8b266-519d-11eb-96fd-309c231728fb,healthy,images/predicted/bfa8b266-519d-11eb-96fd-309c231728fb.jpg
c68d791c-519d-11eb-8ae5-309c231728fb,healthy,images/predicted/c68d791c-519d-11eb-8ae5-309c231728fb.jpg
cd6ebfc6-519d-11eb-95d5-309c231728fb,healthy,images/predicted/cd6ebfc6-519d-11eb-95d5-309c231728fb.jpg
d4510e14-519d-11eb-93c9-309c231728fb,healthy,images/predicted/d4510e14-519d-11eb-93c9-309c231728fb.jpg
db375674-519d-11eb-ab3f-309c231728fb,healthy,images/predicted/db375674-519d-11eb-ab3f-309c231728fb.jpg
e21da9cc-519d-11eb-996c-309c231728fb,healthy,images/predicted/e21da9cc-519d-11eb-996c-309c231728fb.jpg
e8f56ed0-519d-11eb-bddf-309c231728fb,healthy,images/predicted/e8f56ed0-519d-11eb-bddf-309c231728fb.jpg
eff35414-519d-11eb-8966-309c231728fb,healthy,images/predicted/eff35414-519d-11eb-8966-309c231728fb.jpg
f705748a-519d-11eb-bde7-309c231728fb,healthy,images/predicted/f705748a-519d-11eb-bde7-309c231728fb.jpg
fe0c0dcc-519d-11eb-8111-309c231728fb,healthy,images/predicted/fe0c0dcc-519d-11eb-8111-309c231728fb.jpg
0502d630-519e-11eb-9f49-309c231728fb,healthy,images/predicted/0502d630-519e-11eb-9f49-309c231728fb.jpg
0c04ce2c-519e-11eb-aab3-309c231728fb,healthy,images/predicted/0c04ce2c-519e-11eb-aab3-309c231728fb.jpg
12ec5436-519e-11eb-991a-309c231728fb,healthy,images/predicted/12ec5436-519e-11eb-991a-309c231728fb.jpg
1a08f398-519e-11eb-9fc1-309c231728fb,healthy,images/predicted/1a08f398-519e-11eb-9fc1-309c231728fb.jpg
211d0876-519e-11eb-8437-309c231728fb,healthy,images/predicted/211d0876-519e-11eb-8437-309c231728fb.jpg
281cad6e-519e-11eb-a3ef-309c231728fb,healthy,images/predicted/281cad6e-519e-11eb-a3ef-309c231728fb.jpg
2f232f80-519e-11eb-b19c-309c231728fb,healthy,images/predicted/2f232f80-519e-11eb-b19c-309c231728fb.jpg
36133e4a-519e-11eb-b097-309c231728fb,healthy,images/predicted/36133e4a-519e-11eb-b097-309c231728fb.jpg
3d308c9c-519e-11eb-9c7a-309c231728fb,healthy,images/predicted/3d308c9c-519e-11eb-9c7a-309c231728fb.jpg
44658fb4-519e-11eb-a228-309c231728fb,healthy,images/predicted/44658fb4-519e-11eb-a228-309c231728fb.jpg
4b5b26e6-519e-11eb-9a25-309c231728fb,healthy,images/predicted/4b5b26e6-519e-11eb-9a25-309c231728fb.jpg
5267967a-519e-11eb-bd82-309c231728fb,healthy,images/predicted/5267967a-519e-11eb-bd82-309c231728fb.jpg
5991c528-519e-11eb-a991-309c231728fb,healthy,images/predicted/5991c528-519e-11eb-a991-309c231728fb.jpg
60bd1a82-519e-11eb-9018-309c231728fb,healthy,images/predicted/60bd1a82-519e-11eb-9018-309c231728fb.jpg
67dfd44c-519e-11eb-a17c-309c231728fb,healthy,images/predicted/67dfd44c-519e-11eb-a17c-309c231728fb.jpg
6f218666-519e-11eb-8262-309c231728fb,healthy,images/predicted/6f218666-519e-11eb-8262-309c231728fb.jpg
76207768-519e-11eb-85a5-309c231728fb,healthy,images/predicted/76207768-519e-11eb-85a5-309c231728fb.jpg
7d005a62-519e-11eb-9051-309c231728fb,healthy,images/predicted/7d005a62-519e-11eb-9051-309c231728fb.jpg
84079f78-519e-11eb-989e-309c231728fb,healthy,images/predicted/84079f78-519e-11eb-989e-309c231728fb.jpg
8b136110-519e-11eb-9bb1-309c231728fb,healthy,images/predicted/8b136110-519e-11eb-9bb1-309c231728fb.jpg
921c4648-519e-11eb-b0c3-309c231728fb,healthy,images/predicted/921c4648-519e-11eb-b0c3-309c231728fb.jpg
991f3236-519e-11eb-a0cd-309c231728fb,healthy,images/predicted/991f3236-519e-11eb-a0cd-309c231728fb.jpg
a0627792-519e-11eb-a952-309c231728fb,healthy,images/predicted/a0627792-519e-11eb-a952-309c231728fb.jpg
a7be978a-519e-11eb-ac40-309c231728fb,healthy,images/predicted/a7be978a-519e-11eb-ac40-309c231728fb.jpg
aeeae4da-519e-11eb-aa9c-309c231728fb,healthy,images/predicted/aeeae4da-519e-11eb-aa9c-309c231728fb.jpg
b644c8f6-519e-11eb-bbbe-309c231728fb,healthy,images/predicted/b644c8f6-519e-11eb-bbbe-309c231728fb.jpg
bd762dd0-519e-11eb-8b7f-309c231728fb,healthy,images/predicted/bd762dd0-519e-11eb-8b7f-309c231728fb.jpg
c46740f8-519e-11eb-98e6-309c231728fb,healthy,images/predicted/c46740f8-519e-11eb-98e6-309c231728fb.jpg
cb72e566-519e-11eb-8038-309c231728fb,healthy,images/predicted/cb72e566-519e-11eb-8038-309c231728fb.jpg
d28a2ac6-519e-11eb-9cf1-309c231728fb,healthy,images/predicted/d28a2ac6-519e-11eb-9cf1-309c231728fb.jpg
da0d6974-519e-11eb-b643-309c231728fb,healthy,images/predicted/da0d6974-519e-11eb-b643-309c231728fb.jpg
e9971cf6-519e-11eb-82ac-309c231728fb,healthy,images/predicted/e9971cf6-519e-11eb-82ac-309c231728fb.jpg
f232dc88-519e-11eb-a971-309c231728fb,healthy,images/predicted/f232dc88-519e-11eb-a971-309c231728fb.jpg
f9c51e46-519e-11eb-bc05-309c231728fb,healthy,images/predicted/f9c51e46-519e-11eb-bc05-309c231728fb.jpg
0172be4c-519f-11eb-be1d-309c231728fb,healthy,images/predicted/0172be4c-519f-11eb-be1d-309c231728fb.jpg
089e035e-519f-11eb-b095-309c231728fb,healthy,images/predicted/089e035e-519f-11eb-b095-309c231728fb.jpg
0ffc5792-519f-11eb-a26c-309c231728fb,healthy,images/predicted/0ffc5792-519f-11eb-a26c-309c231728fb.jpg
1789b700-519f-11eb-8bac-309c231728fb,healthy,images/predicted/1789b700-519f-11eb-8bac-309c231728fb.jpg
1f5cc536-519f-11eb-b65e-309c231728fb,healthy,images/predicted/1f5cc536-519f-11eb-b65e-309c231728fb.jpg
26b08cba-519f-11eb-b291-309c231728fb,healthy,images/predicted/26b08cba-519f-11eb-b291-309c231728fb.jpg
2e5e5ce6-519f-11eb-970e-309c231728fb,healthy,images/predicted/2e5e5ce6-519f-11eb-970e-309c231728fb.jpg
35fec3a2-519f-11eb-8b85-309c231728fb,healthy,images/predicted/35fec3a2-519f-11eb-8b85-309c231728fb.jpg
3e049702-519f-11eb-9772-309c231728fb,healthy,images/predicted/3e049702-519f-11eb-9772-309c231728fb.jpg
4598976c-519f-11eb-ad9c-309c231728fb,healthy,images/predicted/4598976c-519f-11eb-ad9c-309c231728fb.jpg
4d9d77da-519f-11eb-b858-309c231728fb,healthy,images/predicted/4d9d77da-519f-11eb-b858-309c231728fb.jpg
553f577e-519f-11eb-9c9c-309c231728fb,healthy,images/predicted/553f577e-519f-11eb-9c9c-309c231728fb.jpg
5c95ce02-519f-11eb-97fd-309c231728fb,healthy,images/predicted/5c95ce02-519f-11eb-97fd-309c231728fb.jpg
640e4b36-519f-11eb-bdb3-309c231728fb,healthy,images/predicted/640e4b36-519f-11eb-bdb3-309c231728fb.jpg
6b7f9c1c-519f-11eb-b873-309c231728fb,healthy,images/predicted/6b7f9c1c-519f-11eb-b873-309c231728fb.jpg
72a1db78-519f-11eb-bb91-309c231728fb,healthy,images/predicted/72a1db78-519f-11eb-bb91-309c231728fb.jpg
79f8ceb4-519f-11eb-b9fa-309c231728fb,healthy,images/predicted/79f8ceb4-519f-11eb-b9fa-309c231728fb.jpg
815d5662-519f-11eb-9e2a-309c231728fb,healthy,images/predicted/815d5662-519f-11eb-9e2a-309c231728fb.jpg
89328a36-519f-11eb-9747-309c231728fb,healthy,images/predicted/89328a36-519f-11eb-9747-309c231728fb.jpg
957e8f14-519f-11eb-af01-309c231728fb,healthy,images/predicted/957e8f14-519f-11eb-af01-309c231728fb.jpg
9d15d350-519f-11eb-8ccf-309c231728fb,healthy,images/predicted/9d15d350-519f-11eb-8ccf-309c231728fb.jpg
a5799988-519f-11eb-9be0-309c231728fb,healthy,images/predicted/a5799988-519f-11eb-9be0-309c231728fb.jpg
ad45ac38-519f-11eb-acd9-309c231728fb,healthy,images/predicted/ad45ac38-519f-11eb-acd9-309c231728fb.jpg
b4e21b5c-519f-11eb-b764-309c231728fb,healthy,images/predicted/b4e21b5c-519f-11eb-b764-309c231728fb.jpg
bc92750c-519f-11eb-8345-309c231728fb,healthy,images/predicted/bc92750c-519f-11eb-8345-309c231728fb.jpg
c3f1f028-519f-11eb-b86f-309c231728fb,healthy,images/predicted/c3f1f028-519f-11eb-b86f-309c231728fb.jpg
cfa18fd8-519f-11eb-b02c-309c231728fb,healthy,images/predicted/cfa18fd8-519f-11eb-b02c-309c231728fb.jpg
d712415a-519f-11eb-9545-309c231728fb,healthy,images/predicted/d712415a-519f-11eb-9545-309c231728fb.jpg
de638562-519f-11eb-ad3a-309c231728fb,healthy,images/predicted/de638562-519f-11eb-ad3a-309c231728fb.jpg
e603afa4-519f-11eb-af16-309c231728fb,healthy,images/predicted/e603afa4-519f-11eb-af16-309c231728fb.jpg
ed618c36-519f-11eb-ac45-309c231728fb,healthy,images/predicted/ed618c36-519f-11eb-ac45-309c231728fb.jpg
f4e4edba-519f-11eb-8aa2-309c231728fb,healthy,images/predicted/f4e4edba-519f-11eb-8aa2-309c231728fb.jpg
fc9e6f14-519f-11eb-bd0c-309c231728fb,healthy,images/predicted/fc9e6f14-519f-11eb-bd0c-309c231728fb.jpg
03fd52be-51a0-11eb-aaa0-309c231728fb,healthy,images/predicted/03fd52be-51a0-11eb-aaa0-309c231728fb.jpg
0b88c102-51a0-11eb-b735-309c231728fb,healthy,images/predicted/0b88c102-51a0-11eb-b735-309c231728fb.jpg
12e829ae-51a0-11eb-8449-309c231728fb,healthy,images/predicted/12e829ae-51a0-11eb-8449-309c231728fb.jpg
1b7c2008-51a0-11eb-b7aa-309c231728fb,healthy,images/predicted/1b7c2008-51a0-11eb-b7aa-309c231728fb.jpg
22df078c-51a0-11eb-a886-309c231728fb,healthy,images/predicted/22df078c-51a0-11eb-a886-309c231728fb.jpg
2a7866fa-51a0-11eb-8d89-309c231728fb,healthy,images/predicted/2a7866fa-51a0-11eb-8d89-309c231728fb.jpg
3223811c-51a0-11eb-974d-309c231728fb,healthy,images/predicted/3223811c-51a0-11eb-974d-309c231728fb.jpg
39db2bb4-51a0-11eb-b4f6-309c231728fb,healthy,images/predicted/39db2bb4-51a0-11eb-b4f6-309c231728fb.jpg
